cluster_id,n_samples,MAE,RMSE,MAPE(%),R2
1,32273,1.2712767294807403,3.0020511695437078,1.2404052585063092,0.9981399206648284
2,16471,1.6285374135662922,7.1444678113423405,1.5174150317566788,0.9908135783111373
0,66506,2.1080759991443423,13.512641881742313,1.1954198753252772,0.9683594103571695
