cluster_id,n_samples,MAE,RMSE,MAPE(%),R2
5,321,0.9213690779736484,1.2612156413842865,1.0544788914061383,0.996529821820982
1,5949,1.2785708481709603,3.4773203233260577,1.0303140718550672,0.9987405194120644
4,3345,1.337917384514003,2.896003305801273,1.2152111168221058,0.9983834241469193
0,13256,4.516406582925574,16.87894401761131,1.8403847464426286,0.9878905131879808
