Stock,02B_Blended_MAE,02C_GlobalSent_MAE,02C_ClusterSpecific_MAE,02C_Blended_MAE,Best_Model
AAPL,1.6706807297926685,1.4601776077506847,1.5533907548432597,1.4601782183885603,02C_GlobalSent_MAE
AMZN,15.105198098207133,11.147500486423578,10.794005841596396,11.147500253073089,02C_ClusterSpecific_MAE
GOOG,15.046578546507746,8.120661209599492,8.067140090007248,8.120663326822504,02C_ClusterSpecific_MAE
MSFT,0.6173149408845822,0.5938937442632097,0.7497757090668764,0.5938937051239992,02C_Blended_MAE
NVDA,3.27433348174788,2.919914667310947,4.298868309935204,2.9199143596960995,02C_Blended_MAE
