,MAE,RMSE,MAPE(%),R2
02C Global Sentiment,4.8484295430695825,9.304999244333297,1.063728877052049,0.9995406047154946
02C Cluster-Specific Sentiment,5.092636141089797,9.492639056664839,1.2624896946875594,0.9995218900474845
02C Blended (Global+Cluster),4.84842997262085,9.304999482244792,1.063728939110564,0.9995406046920028
