Stock,Test_Samples,02C_GlobalSent_MAE,02C_GlobalSent_R2,02C_ClusterSpecific_MAE,02C_ClusterSpecific_R2,02C_Blended_MAE,02C_Blended_R2
AAPL,228,1.4176634880142254,0.9674419378237215,1.577957676649862,0.9622274211764951,1.4176637608072828,0.9674419335871072
MSFT,228,0.6190272694669271,0.9870770892567252,0.7102413284170956,0.984527370189133,0.6190267137939311,0.9870771028012076
GOOG,228,8.266866332483394,0.980071007233954,8.148287123193564,0.9790149236581864,8.266867973218364,0.9800709955951314
AMZN,228,10.9111446301613,0.9853639483897589,10.61614292322192,0.9858800847664795,10.9111428883208,0.9853639512435654
NVDA,228,2.9766711981856004,0.9879803370830397,4.480454749926328,0.9783478640925276,2.9766707533188836,0.987980340409298
