,MAE,RMSE,R2,Directional_Acc,CV_MAE_Return,CV_Directional_Acc
Baseline_XGB,4.688796522018315,9.146246327586542,0.9995502606352893,0.5175,0.012087675189883499,0.5134010591159625
ClusterNews_Direct_XGB,4.722165360779069,9.346613052843297,0.9995303399267056,0.5416666666666666,0.012147641786088726,0.513387107866736
ClusterNews_Stacked_XGB,4.686225005451344,9.243419694511873,0.9995406534491006,0.5433333333333333,0.012858979154030632,0.5031428571428572
