Stock,Test_Samples,Baseline_MAE,Direct_News_MAE,Stacked_News_MAE,Baseline_R2,Direct_News_R2,Stacked_News_R2
AAPL,240,1.4353649011179812,1.4566615235358478,1.4077853426312397,0.9688296463703239,0.9674208414087759,0.9710939268422025
AMZN,240,10.56258700722953,10.532188240436215,10.26959869393955,0.9867078963012522,0.9864084066769706,0.9869454355505122
GOOG,240,8.016567709552751,8.118755972688398,7.671327115568025,0.9811437389623671,0.9784462644667086,0.9824819895120283
MSFT,240,0.5875451023007437,0.5841954227760436,0.570817612744868,0.9886626414303027,0.9883294758078427,0.9882009951717293
NVDA,240,2.841917889890572,2.8952821496650576,2.855194168291986,0.98979198342785,0.9892248611543388,0.9896360435074434
