,MAE,RMSE,R2,Directional_Acc,CV_MAE_Return,CV_Directional_Acc
Baseline_XGB,0.9093506498148475,2.2355637567132263,0.9996931080308235,0.5091057594332756,0.010781013969358967,0.5131074190781718
ClusterNews_Direct_XGB,0.9209991465936436,2.2630182293977623,0.9996855239989408,0.508410292904624,0.01081545800129992,0.5123557519738122
ClusterNews_Stacked_XGB,0.9179083263412853,2.2536243949360815,0.999688129372702,0.5149606171861101,0.011364988311361988,0.5138361628439485
