Stock,Test_Samples,Baseline_MAE,ClusterNews_MAE,Baseline_R2,ClusterNews_R2
AAPL,240,1.4318661905700967,1.43882789683342,0.9683031154100609,0.9679835179517007
AMZN,240,10.37100654607018,10.787914742973946,0.9860677742697911,0.9858137252140268
GOOG,240,8.196597141745187,8.164308324168129,0.9788386678233922,0.9801074090302909
MSFT,240,0.5931769771451748,0.5799582639435924,0.9882373147229562,0.9885826405776524
NVDA,240,2.823192332518599,2.8296706286023063,0.9899264168456282,0.9898645674312614
