Stock,Test_Samples,Baseline_MAE,Direct_News_MAE,Stacked_News_MAE,Baseline_R2,Direct_News_R2,Stacked_News_R2
AAPL,240,1.4318661905700967,1.4420713698367276,1.4027461609765888,0.9683031154100609,0.968390358818093,0.9701281206244925
AMZN,240,10.37100654607018,10.573668406660364,9.920579273256172,0.9860677742697911,0.9859013478869023,0.9877157893777717
GOOG,240,8.196597141745187,8.067774988306068,7.785573381853599,0.9788386678233922,0.9796192443003384,0.9826756890405473
MSFT,240,0.5931769771451748,0.5791871866782508,0.5794180285061391,0.9882373147229562,0.9883162705879021,0.9881848409575532
NVDA,240,2.823192332518599,2.8807997799590237,2.866356777283053,0.9899264168456282,0.9892497303607922,0.9897575310749884
