,MAE,RMSE,R2,Directional_Acc,CV_MAE_Return,CV_Directional_Acc
Baseline_XGB,4.683167837609847,9.460615535358935,0.9995188129815583,0.5166666666666667,0.012117294604392153,0.5089712427419117
ClusterNews_XGB,4.760135971304279,9.414843748839166,0.9995234578188609,0.5416666666666666,0.01214449466404098,0.5173543715551713
