Stock,Test_Samples,Baseline_MAE,Direct_News_MAE,Stacked_News_MAE,Baseline_R2,Direct_News_R2,Stacked_News_R2
AAPL,240,1.4353649011179812,1.4160720180620745,1.4820639879678685,0.9688296463703239,0.968690286472574,0.9672893959468883
AMZN,240,10.56258700722953,10.662425527033713,10.377688126531746,0.9867078963012522,0.9861459231345541,0.9868178956141207
GOOG,240,8.016567709552751,8.063953484490519,8.115553637452429,0.9811437389623671,0.9801830561328763,0.9797559742018347
MSFT,240,0.5875451023007437,0.5968440483187635,0.6026990132903056,0.9886626414303027,0.9880263842679857,0.9870987381923347
NVDA,240,2.841917889890572,2.8715317259902764,2.853120262014369,0.98979198342785,0.9894864962687835,0.9894873766479573
