,MAE,RMSE,R2,Directional_Acc,CV_MAE_Return,CV_Directional_Acc
Baseline_XGB,4.688796522018315,9.146246327586542,0.9995502606352893,0.5175,0.012087675189883499,0.5134010591159625
ClusterNews_Direct_XGB,4.7174166618203115,9.435291071861167,0.9995213856457521,0.5283333333333333,0.012144507842375293,0.5128547989349891
ClusterNews_Stacked_XGB,4.554944586635134,8.986595414432692,0.9995658243188736,0.5316666666666666,0.012793014700422291,0.506
