Scenario,Cost_bps,ADV_Cap,Sharpe,IR,Alpha_tstat_NW,Beta_Realized,BetaNeutralPass,Total_Return,Max_Drawdown,Avg_Turnover,Sharpe_CI_L,Sharpe_CI_H,IR_CI_L,IR_CI_H
5bps_20adv,5.0,0.2,-4.107521254967019,-5.090756368922983,-2.727555289090764,-0.14277261249415127,False,-0.059129599548499834,-0.05986394845594356,0.02586206896551724,-7.153699836764538,-1.2545962139204576,-8.201096239410216,-2.0360517180450497
10bps_10adv,10.0,0.1,-3.8666675133302504,-4.8630299723033,-2.505296104303446,-0.17986068360607463,False,-0.05464487993504552,-0.05737003807303109,0.02586206896551724,-7.037229852567193,-1.054166042059144,-8.223962624557087,-1.6938194848795471
20bps_5adv,20.0,0.05,-2.9656864293515657,-4.309779172629989,-2.1558132941101835,-0.2899718329587241,False,-0.04820383576078657,-0.05612498694296142,0.02586206896551724,-6.477803320678345,-0.1266533681720681,-8.022956941647749,-1.017086932988337
